instance_type,Name,max_slaves,Memory,Compute_Units_(ECU),vCPUs,GPUs,FPGAs,ECU_per_vCPU,Physical_Processor,Clock_Speed(GHz),Intel_AVX,Intel_AVX2,Intel_Turbo,Instance_Storage,Instance_Storage:_already_warmed-up,Instance_Storage:_SSD_TRIM_Support,Arch,Network_Performance,EBS_Optimized:_Max_Bandwidth,EBS_Optimized:_Throughput,EBS_Optimized:_Max_16K_IOPS,EBS_Exposed_as_NVMe,Max_IPs,Max_ENIs,Enhanced_Networking,VPC_Only,IPv6_Support,Placement_Group_Support,Linux_Virtualization,On_EMR,Linux_On_Demand_cost,Linux_Reserved_cost,RHEL_On_Demand_cost,RHEL_Reserved_cost
a1.2xlarge,A1 Double Extra Large,3,16.0 GiB,0 units,8,0,0,0 units,AWS Graviton Processor,2.3 GHz,unknown,unknown,unknown,EBS only,N/A,N/A,64-bit,Up to 10 Gigabit,3500.0 Mbps,437.5 MB/s,20000.0 IOPS,No,60,4,Yes,Yes,Yes,No,Unknown,No,$0.204000 hourly,$0.128500 hourly,$0.334 hourly,$0.2585 hourly
a1.4xlarge,A1 Quadruple Extra Large,7,32.0 GiB,0 units,16,0,0,0 units,AWS Graviton Processor,2.3 GHz,unknown,unknown,unknown,EBS only,N/A,N/A,64-bit,Up to 10 Gigabit,3500.0 Mbps,437.5 MB/s,20000.0 IOPS,No,240,8,Yes,Yes,Yes,No,Unknown,No,$0.408000 hourly,$0.257000 hourly,$0.538 hourly,$0.387 hourly
a1.large,A1 Large,1,4.0 GiB,0 units,2,0,0,0 units,AWS Graviton Processor,2.3 GHz,unknown,unknown,unknown,EBS only,N/A,N/A,64-bit,Up to 10 Gigabit,3500.0 Mbps,437.5 MB/s,20000.0 IOPS,No,30,3,Yes,Yes,Yes,No,Unknown,No,$0.051000 hourly,$0.032100 hourly,$0.111 hourly,$0.0921 hourly
a1.medium,A1 Medium,1,2.0 GiB,0 units,1,0,0,0 units,AWS Graviton Processor,2.3 GHz,unknown,unknown,unknown,EBS only,N/A,N/A,64-bit,Up to 10 Gigabit,3500.0 Mbps,437.5 MB/s,20000.0 IOPS,No,8,2,Yes,Yes,Yes,No,Unknown,No,$0.025500 hourly,$0.016100 hourly,$0.0855 hourly,$0.0761 hourly
a1.xlarge,A1 Extra Large,1,8.0 GiB,0 units,4,0,0,0 units,AWS Graviton Processor,2.3 GHz,unknown,unknown,unknown,EBS only,N/A,N/A,64-bit,Up to 10 Gigabit,3500.0 Mbps,437.5 MB/s,20000.0 IOPS,No,60,4,Yes,Yes,Yes,No,Unknown,No,$0.102000 hourly,$0.064300 hourly,$0.162 hourly,$0.1243 hourly
c1.medium,C1 High-CPU Medium,1,1.7 GiB,5 units,2,0,0,2.5 units,Intel Xeon Family,unknown,unknown,unknown,unknown,350 GiB               HDD               + 900MB swap,No,N/A,32/64-bit,Moderate,N/A,0 MB/s,0 IOPS,No,12,2,No,No,No,No,PV,Yes,$0.130000 hourly,$0.091000 hourly,$0.19 hourly,$0.151 hourly
c1.xlarge,C1 High-CPU Extra Large,3,7.0 GiB,20 units,8,0,0,2.5 units,Intel Xeon Family,unknown,unknown,unknown,unknown,1680 GiB               (4 * 420 GiB HDD),No,N/A,64-bit,High,N/A,0 MB/s,0 IOPS,No,60,4,No,No,No,No,PV,Yes,$0.520000 hourly,$0.364000 hourly,$0.65 hourly,$0.494 hourly
c3.2xlarge,C3 High-CPU Double Extra Large,3,15.0 GiB,28 units,8,0,0,3.5 units,Intel Xeon E5-2680 v2 (Ivy Bridge),2.8 GHz,Yes,unknown,Yes,160 GiB               (2 * 80 GiB SSD),No,No,64-bit,High,N/A,0 MB/s,0 IOPS,No,60,4,Yes,No,Yes,No,"HVM, PV",Yes,$0.420000 hourly,$0.292000 hourly,$0.55 hourly,$0.422 hourly
c3.4xlarge,C3 High-CPU Quadruple Extra Large,7,30.0 GiB,55 units,16,0,0,3.438 units,Intel Xeon E5-2680 v2 (Ivy Bridge),2.8 GHz,Yes,unknown,Yes,320 GiB               (2 * 160 GiB SSD),No,No,64-bit,High,N/A,0 MB/s,0 IOPS,No,240,8,Yes,No,Yes,No,"HVM, PV",Yes,$0.840000 hourly,$0.584000 hourly,$0.97 hourly,$0.714 hourly
c3.8xlarge,C3 High-CPU Eight Extra Large,15,60.0 GiB,108 units,32,0,0,3.375 units,Intel Xeon E5-2680 v2 (Ivy Bridge),2.8 GHz,Yes,unknown,Yes,640 GiB               (2 * 320 GiB SSD),No,No,64-bit,10 Gigabit,N/A,0 MB/s,0 IOPS,No,240,8,Yes,No,Yes,No,"HVM, PV",Yes,$1.680000 hourly,$1.168000 hourly,$1.81 hourly,$1.298 hourly
c3.large,C3 High-CPU Large,1,3.75 GiB,7 units,2,0,0,3.5 units,Intel Xeon E5-2680 v2 (Ivy Bridge),2.8 GHz,Yes,unknown,Yes,32 GiB               (2 * 16 GiB SSD),No,No,32/64-bit,Moderate,N/A,0 MB/s,0 IOPS,No,30,3,Yes,No,Yes,No,"HVM, PV",No,$0.105000 hourly,$0.073000 hourly,$0.165 hourly,$0.133 hourly
c3.xlarge,C3 High-CPU Extra Large,1,7.5 GiB,14 units,4,0,0,3.5 units,Intel Xeon E5-2680 v2 (Ivy Bridge),2.8 GHz,Yes,unknown,Yes,80 GiB               (2 * 40 GiB SSD),No,No,64-bit,Moderate,N/A,0 MB/s,0 IOPS,No,60,4,Yes,No,Yes,No,"HVM, PV",Yes,$0.210000 hourly,$0.146000 hourly,$0.27 hourly,$0.206 hourly
c4.2xlarge,C4 High-CPU Double Extra Large,3,15.0 GiB,31 units,8,0,0,3.875 units,Intel Xeon E5-2666 v3 (Haswell),2.9 GHz,Yes,Yes,Yes,EBS only,N/A,N/A,64-bit,High,1000.0 Mbps,125.0 MB/s,8000.0 IOPS,No,60,4,Yes,Yes,Yes,No,HVM,Yes,$0.398000 hourly,$0.252000 hourly,$0.528 hourly,$0.382 hourly
c4.4xlarge,C4 High-CPU Quadruple Extra Large,7,30.0 GiB,62 units,16,0,0,3.875 units,Intel Xeon E5-2666 v3 (Haswell),2.9 GHz,Yes,Yes,Yes,EBS only,N/A,N/A,64-bit,High,2000.0 Mbps,250.0 MB/s,16000.0 IOPS,No,240,8,Yes,Yes,Yes,No,HVM,Yes,$0.796000 hourly,$0.504000 hourly,$0.926 hourly,$0.634 hourly
c4.8xlarge,C4 High-CPU Eight Extra Large,17,60.0 GiB,132 units,36,0,0,3.667 units,Intel Xeon E5-2666 v3 (Haswell),2.9 GHz,Yes,Yes,Yes,EBS only,N/A,N/A,64-bit,10 Gigabit,4000.0 Mbps,500.0 MB/s,32000.0 IOPS,No,240,8,Yes,Yes,Yes,No,HVM,Yes,$1.591000 hourly,$1.008000 hourly,$1.721 hourly,$1.138 hourly
c4.large,C4 High-CPU Large,1,3.75 GiB,8 units,2,0,0,4 units,Intel Xeon E5-2666 v3 (Haswell),2.9 GHz,Yes,Yes,Yes,EBS only,N/A,N/A,64-bit,Moderate,500.0 Mbps,62.5 MB/s,4000.0 IOPS,No,30,3,Yes,Yes,Yes,No,HVM,Yes,$0.100000 hourly,$0.063000 hourly,$0.16 hourly,$0.123 hourly
c4.xlarge,C4 High-CPU Extra Large,1,7.5 GiB,16 units,4,0,0,4 units,Intel Xeon E5-2666 v3 (Haswell),2.9 GHz,Yes,Yes,Yes,EBS only,N/A,N/A,64-bit,High,750.0 Mbps,93.75 MB/s,6000.0 IOPS,No,60,4,Yes,Yes,Yes,No,HVM,Yes,$0.199000 hourly,$0.126000 hourly,$0.259 hourly,$0.186 hourly
c5.18xlarge,C5 High-CPU 18xlarge,35,144.0 GiB,281 units,72,0,0,3.903 units,Intel Xeon Platinum 8124M,3.0 Ghz,Yes,Yes,Yes,EBS only,N/A,N/A,64-bit,25 Gigabit,14000.0 Mbps,1750.0 MB/s,80000.0 IOPS,No,750,15,Yes,Yes,Yes,No,HVM,Yes,$3.060000 hourly,$1.928000 hourly,$3.19 hourly,$2.058 hourly
c5.24xlarge,C5 High-CPU 24xlarge,45,144.0 GiB,281 units,72,0,0,3.903 units,Intel Xeon Platinum 8124M,3.0 Ghz,Yes,Yes,Yes,EBS only,N/A,N/A,64-bit,25 Gigabit,14000.0 Mbps,1750.0 MB/s,80000.0 IOPS,No,750,15,Yes,Yes,Yes,No,HVM,Yes,$3.060000 hourly,$1.928000 hourly,$3.19 hourly,$2.058 hourly
c5.2xlarge,C5 High-CPU Double Extra Large,3,16.0 GiB,34 units,8,0,0,4.25 units,Intel Xeon Platinum 8124M,3.0 Ghz,Yes,Yes,Yes,EBS only,N/A,N/A,64-bit,Up to 10 Gigabit,3500.0 Mbps,437.5 MB/s,20000.0 IOPS,No,60,4,Yes,Yes,Yes,No,HVM,Yes,$0.340000 hourly,$0.214000 hourly,$0.47 hourly,$0.344 hourly
c5.4xlarge,C5 High-CPU Quadruple Extra Large,7,32.0 GiB,68 units,16,0,0,4.25 units,Intel Xeon Platinum 8124M,3.0 Ghz,Yes,Yes,Yes,EBS only,N/A,N/A,64-bit,Up to 10 Gigabit,3500.0 Mbps,437.5 MB/s,20000.0 IOPS,No,240,8,Yes,Yes,Yes,No,HVM,Yes,$0.680000 hourly,$0.428000 hourly,$0.81 hourly,$0.558 hourly
c5.9xlarge,C5 High-CPU 9xlarge,17,72.0 GiB,141 units,36,0,0,3.917 units,Intel Xeon Platinum 8124M,3.0 Ghz,Yes,Yes,Yes,EBS only,N/A,N/A,64-bit,10 Gigabit,7000.0 Mbps,875.0 MB/s,40000.0 IOPS,No,240,8,Yes,Yes,Yes,No,HVM,Yes,$1.530000 hourly,$0.964000 hourly,$1.66 hourly,$1.094 hourly
c5.large,C5 High-CPU Large,1,4.0 GiB,9 units,2,0,0,4.5 units,Intel Xeon Platinum 8124M,3.0 Ghz,Yes,Yes,Yes,EBS only,N/A,N/A,64-bit,Up to 10 Gigabit,3500.0 Mbps,437.5 MB/s,20000.0 IOPS,No,30,3,Yes,Yes,Yes,No,HVM,No,$0.085000 hourly,$0.054000 hourly,$0.145 hourly,$0.114 hourly
c5.xlarge,C5 High-CPU Extra Large,1,8.0 GiB,17 units,4,0,0,4.25 units,Intel Xeon Platinum 8124M,3.0 Ghz,Yes,Yes,Yes,EBS only,N/A,N/A,64-bit,Up to 10 Gigabit,3500.0 Mbps,437.5 MB/s,20000.0 IOPS,No,60,4,Yes,Yes,Yes,No,HVM,Yes,$0.170000 hourly,$0.107000 hourly,$0.23 hourly,$0.167 hourly
c5d.18xlarge,C5 High-CPU 18xlarge,35,144.0 GiB,281 units,72,0,0,3.903 units,Intel Xeon Platinum 8124M,3.0 Ghz,Yes,Yes,Yes,1800 GiB               (2 * 900 GiB NVMe SSD),Yes,Yes,64-bit,25 Gigabit,14000.0 Mbps,1750.0 MB/s,80000.0 IOPS,No,750,15,Yes,Yes,Yes,No,HVM,Yes,$3.456000 hourly,$2.180000 hourly,$3.586 hourly,$2.31 hourly
c5d.2xlarge,C5 High-CPU Double Extra Large,3,16.0 GiB,34 units,8,0,0,4.25 units,Intel Xeon Platinum 8124M,3.0 Ghz,Yes,Yes,Yes,200 GiB               NVMe SSD,Yes,Yes,64-bit,Up to 10 Gigabit,3500.0 Mbps,437.5 MB/s,20000.0 IOPS,No,60,4,Yes,Yes,Yes,No,HVM,Yes,$0.384000 hourly,$0.242000 hourly,$0.514 hourly,$0.372 hourly
c5d.4xlarge,C5 High-CPU Quadruple Extra Large,7,32.0 GiB,68 units,16,0,0,4.25 units,Intel Xeon Platinum 8124M,3.0 Ghz,Yes,Yes,Yes,400 GiB               NVMe SSD,Yes,Yes,64-bit,Up to 10 Gigabit,3500.0 Mbps,437.5 MB/s,20000.0 IOPS,No,240,8,Yes,Yes,Yes,No,HVM,Yes,$0.768000 hourly,$0.484000 hourly,$0.898 hourly,$0.614 hourly
c5d.9xlarge,C5 High-CPU 9xlarge,17,72.0 GiB,141 units,36,0,0,3.917 units,Intel Xeon Platinum 8124M,3.0 Ghz,Yes,Yes,Yes,900 GiB               NVMe SSD,Yes,Yes,64-bit,10 Gigabit,7000.0 Mbps,875.0 MB/s,40000.0 IOPS,No,240,8,Yes,Yes,Yes,No,HVM,Yes,$1.728000 hourly,$1.090000 hourly,$1.858 hourly,$1.22 hourly
c5d.large,C5 High-CPU Large,1,4.0 GiB,9 units,2,0,0,4.5 units,Intel Xeon Platinum 8124M,3.0 Ghz,Yes,Yes,Yes,50 GiB               NVMe SSD,Yes,Yes,64-bit,Up to 10 Gigabit,3500.0 Mbps,437.5 MB/s,20000.0 IOPS,No,30,3,Yes,Yes,Yes,No,HVM,No,$0.096000 hourly,$0.061000 hourly,$0.156 hourly,$0.121 hourly
c5d.xlarge,C5 High-CPU Extra Large,1,8.0 GiB,17 units,4,0,0,4.25 units,Intel Xeon Platinum 8124M,3.0 Ghz,Yes,Yes,Yes,100 GiB               NVMe SSD,Yes,Yes,64-bit,Up to 10 Gigabit,3500.0 Mbps,437.5 MB/s,20000.0 IOPS,No,60,4,Yes,Yes,Yes,No,HVM,Yes,$0.192000 hourly,$0.121000 hourly,$0.252 hourly,$0.181 hourly
c5n.18xlarge,C5N 18xlarge,35,192.0 GiB,0 units,72,0,0,0 units,Intel Xeon Platinum 8124M,3.0 Ghz,Yes,Yes,Yes,EBS only,N/A,N/A,64-bit,100 Gigabit,14000.0 Mbps,1750.0 MB/s,80000.0 IOPS,No,750,15,Yes,Yes,Yes,No,Unknown,Yes,$3.888000 hourly,$2.449000 hourly,$4.018 hourly,$2.579 hourly
c5n.2xlarge,C5N Double Extra Large,3,21.0 GiB,0 units,8,0,0,0 units,Intel Xeon Platinum 8124M,3.0 Ghz,Yes,Yes,Yes,EBS only,N/A,N/A,64-bit,Up to 25 Gigabit,3500.0 Mbps,437.5 MB/s,20000.0 IOPS,No,60,4,Yes,Yes,Yes,No,Unknown,Yes,$0.432000 hourly,$0.272000 hourly,$0.562 hourly,$0.402 hourly
c5n.4xlarge,C5N Quadruple Extra Large,7,42.0 GiB,0 units,16,0,0,0 units,Intel Xeon Platinum 8124M,3.0 Ghz,Yes,Yes,Yes,EBS only,N/A,N/A,64-bit,Up to 25 Gigabit,3500.0 Mbps,437.5 MB/s,20000.0 IOPS,No,240,8,Yes,Yes,Yes,No,Unknown,Yes,$0.864000 hourly,$0.544000 hourly,$0.994 hourly,$0.674 hourly
c5n.9xlarge,C5N 9xlarge,17,96.0 GiB,0 units,36,0,0,0 units,Intel Xeon Platinum 8124M,3.0 Ghz,Yes,Yes,Yes,EBS only,N/A,N/A,64-bit,50 Gigabit,7000.0 Mbps,875.0 MB/s,40000.0 IOPS,No,240,8,Yes,Yes,Yes,No,Unknown,Yes,$1.944000 hourly,$1.225000 hourly,$2.074 hourly,$1.355 hourly
c5n.large,C5N Large,1,5.25 GiB,0 units,2,0,0,0 units,Intel Xeon Platinum 8124M,3.0 Ghz,Yes,Yes,Yes,EBS only,N/A,N/A,64-bit,Up to 25 Gigabit,3500.0 Mbps,437.5 MB/s,20000.0 IOPS,No,30,3,Yes,Yes,Yes,No,Unknown,No,$0.108000 hourly,$0.068000 hourly,$0.168 hourly,$0.128 hourly
c5n.xlarge,C5N Extra Large,1,10.5 GiB,0 units,4,0,0,0 units,Intel Xeon Platinum 8124M,3.0 Ghz,Yes,Yes,Yes,EBS only,N/A,N/A,64-bit,Up to 25 Gigabit,3500.0 Mbps,437.5 MB/s,20000.0 IOPS,No,60,4,Yes,Yes,Yes,No,Unknown,Yes,$0.216000 hourly,$0.136000 hourly,$0.276 hourly,$0.196 hourly
cc2.8xlarge,Cluster Compute Eight Extra Large,15,60.5 GiB,88 units,32,0,0,2.75 units,Intel Xeon E5-2670,2.6 GHz,unknown,unknown,unknown,3360 GiB               (4 * 840 GiB HDD),No,N/A,64-bit,10 Gigabit,N/A,0 MB/s,0 IOPS,No,240,8,No,No,No,No,HVM,Yes,$2.000000 hourly,unavailable,$2.13 hourly,unavailable
cr1.8xlarge,High Memory Cluster Eight Extra Large,15,244.0 GiB,88 units,32,0,0,2.75 units,Intel Xeon E5-2670,unknown,unknown,unknown,unknown,240 GiB               (2 * 120 GiB SSD),No,No,64-bit,10 Gigabit,N/A,0 MB/s,0 IOPS,No,240,8,No,No,No,No,Unknown,Yes,$3.500000 hourly,unavailable,$3.63 hourly,unavailable
d2.2xlarge,D2 Double Extra Large,3,61.0 GiB,28 units,8,0,0,3.5 units,Intel Xeon E5-2676v3 (Haswell),2.4 GHz,Yes,Yes,Yes,12000 GiB               (6 * 2000 GiB HDD),Yes,N/A,64-bit,High,1000.0 Mbps,125.0 MB/s,8000.0 IOPS,No,60,4,Yes,No,Yes,No,HVM,Yes,$1.380000 hourly,$0.804000 hourly,$1.51 hourly,$0.934 hourly
d2.4xlarge,D2 Quadruple Extra Large,7,122.0 GiB,56 units,16,0,0,3.5 units,Intel Xeon E5-2676v3 (Haswell),2.4 GHz,Yes,Yes,Yes,24000 GiB               (12 * 2000 GiB HDD),Yes,N/A,64-bit,High,2000.0 Mbps,250.0 MB/s,16000.0 IOPS,No,240,8,Yes,No,Yes,No,HVM,Yes,$2.760000 hourly,$1.608000 hourly,$2.89 hourly,$1.738 hourly
d2.8xlarge,D2 Eight Extra Large,17,244.0 GiB,116 units,36,0,0,3.222 units,Intel Xeon E5-2676v3 (Haswell),2.4 GHz,Yes,Yes,Yes,48000 GiB               (24 * 2000 GiB HDD),Yes,N/A,64-bit,10 Gigabit,4000.0 Mbps,500.0 MB/s,32000.0 IOPS,No,240,8,Yes,No,Yes,No,HVM,Yes,$5.520000 hourly,$3.216000 hourly,$5.65 hourly,$3.346 hourly
d2.xlarge,D2 Extra Large,1,30.5 GiB,14 units,4,0,0,3.5 units,Intel Xeon E5-2676v3 (Haswell),2.4 GHz,Yes,Yes,Yes,6000 GiB               (3 * 2000 GiB HDD),Yes,N/A,64-bit,Moderate,750.0 Mbps,93.75 MB/s,6000.0 IOPS,No,60,4,Yes,No,Yes,No,HVM,Yes,$0.690000 hourly,$0.402000 hourly,$0.75 hourly,$0.462 hourly
f1.16xlarge,F1 16xlarge,31,976.0 GiB,188 units,64,0,0,2.938 units,Intel Xeon E5-2686 v4 (Broadwell),unknown,unknown,unknown,unknown,3760 GiB               (4 * 940 GiB NVMe SSD),Yes,Yes,64-bit,20 Gigabit,14000.0 Mbps,1750.0 MB/s,75000.0 IOPS,No,400,8,No,Yes,Yes,No,HVM,No,$13.200000 hourly,$8.925000 hourly,$13.33 hourly,$9.055 hourly
f1.2xlarge,F1 Double Extra Large,3,122.0 GiB,26 units,8,0,0,3.25 units,Intel Xeon E5-2686 v4 (Broadwell),unknown,unknown,unknown,unknown,470 GiB               NVMe SSD,Yes,Yes,64-bit,Up to 10 Gigabit,1700.0 Mbps,212.5 MB/s,12000.0 IOPS,No,60,4,No,Yes,Yes,No,HVM,No,$1.650000 hourly,$1.116000 hourly,$1.78 hourly,$1.246 hourly
f1.4xlarge,F1 Quadruple Extra Large,7,244.0 GiB,52 units,16,0,0,3.25 units,Intel Xeon E5-2686 v4 (Broadwell),unknown,unknown,unknown,unknown,940 GiB               NVMe SSD,Yes,Yes,64-bit,10 Gigabit,3500.0 Mbps,400.0 MB/s,44000.0 IOPS,No,240,8,No,Yes,Yes,No,HVM,No,$3.300000 hourly,$2.231000 hourly,$3.43 hourly,$2.361 hourly
g2.2xlarge,G2 Double Extra Large,3,15.0 GiB,26 units,8,1,0,3.25 units,Intel Xeon E5-2670 (Sandy Bridge),2.6 GHz,Yes,unknown,Yes,60 GiB               SSD,No,No,64-bit,High,N/A,0 MB/s,0 IOPS,No,60,4,No,No,No,No,Unknown,Yes,$0.650000 hourly,$0.474000 hourly,$0.78 hourly,$0.604 hourly
g2.8xlarge,G2 Eight Extra Large,15,60.0 GiB,104 units,32,4,0,3.25 units,Intel Xeon E5-2670 (Sandy Bridge),2.6 GHz,Yes,unknown,Yes,240 GiB               (2 * 120 GiB SSD),No,No,64-bit,10 Gigabit,N/A,0 MB/s,0 IOPS,No,240,8,No,No,No,No,Unknown,No,$2.600000 hourly,$1.896000 hourly,$2.73 hourly,$2.026 hourly
g3.16xlarge,G3 16xlarge,31,488.0 GiB,188 units,64,4,0,2.938 units,Intel Xeon E5-2686 v4 (Broadwell),2.3 GHz,Yes,Yes,Yes,EBS only,N/A,N/A,64-bit,20 Gigabit,14000.0 Mbps,1750.0 MB/s,80000.0 IOPS,No,750,15,Yes,Yes,Yes,No,HVM,Yes,$4.560000 hourly,$3.112200 hourly,$4.69 hourly,$3.2422 hourly
g3.4xlarge,G3 Quadruple Extra Large,7,122.0 GiB,47 units,16,1,0,2.938 units,Intel Xeon E5-2686 v4 (Broadwell),2.3 GHz,Yes,Yes,Yes,EBS only,N/A,N/A,64-bit,Up to 10 Gigabit,3500.0 Mbps,437.5 MB/s,20000.0 IOPS,No,240,8,Yes,Yes,Yes,No,HVM,Yes,$1.140000 hourly,$0.778100 hourly,$1.27 hourly,$0.9081 hourly
g3.8xlarge,G3 Eight Extra Large,15,244.0 GiB,94 units,32,2,0,2.938 units,Intel Xeon E5-2686 v4 (Broadwell),2.3 GHz,Yes,Yes,Yes,EBS only,N/A,N/A,64-bit,10 Gigabit,7000.0 Mbps,875.0 MB/s,40000.0 IOPS,No,240,8,Yes,Yes,Yes,No,HVM,Yes,$2.280000 hourly,$1.556100 hourly,$2.41 hourly,$1.6861 hourly
g3s.xlarge,G3S Extra Large,1,30.5 GiB,13 units,4,1,0,3.25 units,Intel Xeon E5-2686 v4 (Broadwell),unknown,unknown,unknown,unknown,EBS only,N/A,N/A,64-bit,10 Gigabit,850.0 Mbps,100.0 MB/s,5000.0 IOPS,No,60,4,No,Yes,Yes,No,Unknown,Yes,$0.750000 hourly,$0.551000 hourly,$0.81 hourly,$0.611 hourly
h1.16xlarge,H1 16xlarge,31,256.0 GiB,188 units,64,0,0,2.938 units,Intel Xeon E5-2686 v4 (Broadwell),2.3 GHz,Yes,Yes,Yes,16000 GiB               (8 * 2000 GiB HDD),Yes,N/A,64-bit,25 Gigabit,14000.0 Mbps,1750.0 MB/s,80000.0 IOPS,No,750,15,Yes,Yes,Yes,No,HVM,Yes,$3.744000 hourly,$2.545000 hourly,$3.874 hourly,$2.675 hourly
h1.2xlarge,H1 Double Extra Large,3,32.0 GiB,26 units,8,0,0,3.25 units,Intel Xeon E5-2686 v4 (Broadwell),2.3 GHz,Yes,Yes,Yes,2000 GiB               HDD,Yes,N/A,64-bit,Up to 10 Gigabit,1750.0 Mbps,218.75 MB/s,12000.0 IOPS,No,60,4,Yes,Yes,Yes,No,HVM,Yes,$0.468000 hourly,$0.318000 hourly,$0.598 hourly,$0.448 hourly
h1.4xlarge,H1 Quadruple Extra Large,7,64.0 GiB,53.5 units,16,0,0,3.344 units,Intel Xeon E5-2686 v4 (Broadwell),2.3 GHz,Yes,Yes,Yes,4000 GiB               (2 * 2000 GiB HDD),Yes,N/A,64-bit,Up to 10 Gigabit,3500.0 Mbps,437.5 MB/s,20000.0 IOPS,No,240,8,Yes,Yes,Yes,No,HVM,Yes,$0.936000 hourly,$0.636000 hourly,$1.066 hourly,$0.766 hourly
h1.8xlarge,H1 Eight Extra Large,15,128.0 GiB,99 units,32,0,0,3.094 units,Intel Xeon E5-2686 v4 (Broadwell),2.3 GHz,Yes,Yes,Yes,8000 GiB               (4 * 2000 GiB HDD),Yes,N/A,64-bit,10 Gigabit,7000.0 Mbps,875.0 MB/s,40000.0 IOPS,No,240,8,Yes,Yes,Yes,No,HVM,Yes,$1.872000 hourly,$1.272000 hourly,$2.002 hourly,$1.402 hourly
hs1.8xlarge,High Storage Eight Extra Large,7.5,117.0 GiB,35 units,17,0,0,2.059 units,Intel Xeon E5-2650,2 GHz,unknown,unknown,unknown,48000 GiB               (24 * 2000 GiB HDD),No,N/A,64-bit,10 Gigabit,N/A,0 MB/s,0 IOPS,No,240,8,No,No,No,No,"HVM, PV",Yes,$4.600000 hourly,unavailable,$4.73 hourly,unavailable
i2.2xlarge,I2 Double Extra Large,3,61.0 GiB,27 units,8,0,0,3.375 units,Intel Xeon E5-2670 v2 (Ivy Bridge),2.5 GHz,Yes,unknown,Yes,1600 GiB               (2 * 800 GiB SSD),Yes,Yes,64-bit,High,N/A,0 MB/s,0 IOPS,No,60,4,Yes,No,Yes,No,HVM,Yes,$1.705000 hourly,$0.848000 hourly,$1.835 hourly,$0.978 hourly
i2.4xlarge,I2 Quadruple Extra Large,7,122.0 GiB,53 units,16,0,0,3.312 units,Intel Xeon E5-2670 v2 (Ivy Bridge),2.5 GHz,Yes,unknown,Yes,3200 GiB               (4 * 800 GiB SSD),Yes,Yes,64-bit,High,N/A,0 MB/s,0 IOPS,No,240,8,Yes,No,Yes,No,HVM,Yes,$3.410000 hourly,$1.696000 hourly,$3.54 hourly,$1.826 hourly
i2.8xlarge,I2 Eight Extra Large,15,244.0 GiB,104 units,32,0,0,3.25 units,Intel Xeon E5-2670 v2 (Ivy Bridge),2.5 GHz,Yes,unknown,Yes,6400 GiB               (8 * 800 GiB SSD),Yes,Yes,64-bit,10 Gigabit,N/A,0 MB/s,0 IOPS,No,240,8,Yes,No,Yes,No,HVM,Yes,$6.820000 hourly,$3.392000 hourly,$6.95 hourly,$3.522 hourly
i2.xlarge,I2 Extra Large,1,30.5 GiB,14 units,4,0,0,3.5 units,Intel Xeon E5-2670 v2 (Ivy Bridge),2.5 GHz,Yes,unknown,Yes,800 GiB               SSD,Yes,Yes,64-bit,Moderate,N/A,0 MB/s,0 IOPS,No,60,4,Yes,No,Yes,No,HVM,Yes,$0.853000 hourly,$0.424000 hourly,$0.913 hourly,$0.484 hourly
i3.16xlarge,I3 High I/O 16xlarge,31,488.0 GiB,200 units,64,0,0,3.125 units,Intel Xeon E5-2686 v4 (Broadwell),2.3 GHz,Yes,Yes,Yes,15200 GiB               (8 * 1900 GiB NVMe SSD),Yes,Yes,64-bit,20 Gigabit,14000.0 Mbps,1750.0 MB/s,65000.0 IOPS,No,750,15,Yes,Yes,Yes,No,HVM,Yes,$4.992000 hourly,$3.427000 hourly,$5.122 hourly,$3.557 hourly
i3.2xlarge,I3 High I/O Double Extra Large,3,61.0 GiB,27 units,8,0,0,3.375 units,Intel Xeon E5-2686 v4 (Broadwell),2.3 GHz,Yes,Yes,Yes,1900 GiB               NVMe SSD,Yes,Yes,64-bit,Up to 10 Gigabit,1700.0 Mbps,212.5 MB/s,12000.0 IOPS,No,60,4,Yes,Yes,Yes,No,HVM,Yes,$0.624000 hourly,$0.428000 hourly,$0.754 hourly,$0.558 hourly
i3.4xlarge,I3 High I/O Quadruple Extra Large,7,122.0 GiB,53 units,16,0,0,3.312 units,Intel Xeon E5-2686 v4 (Broadwell),2.3 GHz,Yes,Yes,Yes,3800 GiB               (2 * 1900 GiB NVMe SSD),Yes,Yes,64-bit,Up to 10 Gigabit,3500.0 Mbps,437.5 MB/s,16000.0 IOPS,No,240,8,Yes,Yes,Yes,No,HVM,Yes,$1.248000 hourly,$0.857000 hourly,$1.378 hourly,$0.987 hourly
i3.8xlarge,I3 High I/O Eight Extra Large,15,244.0 GiB,99 units,32,0,0,3.094 units,Intel Xeon E5-2686 v4 (Broadwell),2.3 GHz,Yes,Yes,Yes,7600 GiB               (4 * 1900 GiB NVMe SSD),Yes,Yes,64-bit,10 Gigabit,7000.0 Mbps,875.0 MB/s,32500.0 IOPS,No,240,8,Yes,Yes,Yes,No,HVM,Yes,$2.496000 hourly,$1.714000 hourly,$2.626 hourly,$1.844 hourly
i3.large,I3 High I/O Large,1,15.25 GiB,7 units,2,0,0,3.5 units,Intel Xeon E5-2686 v4 (Broadwell),2.3 GHz,Yes,Yes,Yes,475 GiB               NVMe SSD,Yes,Yes,64-bit,Up to 10 Gigabit,425.0 Mbps,53.13 MB/s,3000.0 IOPS,No,30,3,Yes,Yes,Yes,No,HVM,No,$0.156000 hourly,$0.107000 hourly,$0.216 hourly,$0.167 hourly
i3.metal,I3 High I/O Metal,35,512.0 GiB,208 units,72,0,0,2.889 units,Intel Xeon E5-2686 v4 (Broadwell),unknown,unknown,unknown,unknown,15200 GiB               (8 * 1900 GiB NVMe SSD),Yes,Yes,64-bit,25 Gigabit,14000.0 Mbps,1750.0 MB/s,65000.0 IOPS,No,750,15,No,Yes,Yes,No,HVM,No,$4.992000 hourly,$3.427000 hourly,$5.122 hourly,$3.557 hourly
i3.xlarge,I3 High I/O Extra Large,1,30.5 GiB,13 units,4,0,0,3.25 units,Intel Xeon E5-2686 v4 (Broadwell),2.3 GHz,Yes,Yes,Yes,950 GiB               NVMe SSD,Yes,Yes,64-bit,Up to 10 Gigabit,850.0 Mbps,106.25 MB/s,6000.0 IOPS,No,60,4,Yes,Yes,Yes,No,HVM,Yes,$0.312000 hourly,$0.214000 hourly,$0.372 hourly,$0.274 hourly
m1.large,M1 General Purpose Large,1,7.5 GiB,4 units,2,0,0,2 units,Intel Xeon Family,unknown,unknown,unknown,unknown,840 GiB               (2 * 420 GiB HDD),No,N/A,64-bit,Moderate,N/A,0 MB/s,0 IOPS,No,30,3,No,No,No,No,PV,Yes,$0.175000 hourly,$0.112000 hourly,$0.235 hourly,$0.172 hourly
m1.medium,M1 General Purpose Medium,1,3.75 GiB,2 units,1,0,0,2 units,Intel Xeon Family,unknown,unknown,unknown,unknown,410 GiB               HDD,No,N/A,32/64-bit,Moderate,N/A,0 MB/s,0 IOPS,No,12,2,No,No,No,No,PV,Yes,$0.087000 hourly,$0.056000 hourly,$0.147 hourly,$0.116 hourly
m1.small,M1 General Purpose Small,1,1.7 GiB,1 units,1,0,0,1 units,Intel Xeon Family,unknown,unknown,unknown,unknown,160 GiB               HDD               + 900MB swap,No,N/A,32/64-bit,Low,N/A,0 MB/s,0 IOPS,No,8,2,No,No,No,No,PV,Yes,$0.044000 hourly,$0.028000 hourly,$0.104 hourly,$0.088 hourly
m1.xlarge,M1 General Purpose Extra Large,1,15.0 GiB,8 units,4,0,0,2 units,Intel Xeon Family,unknown,unknown,unknown,unknown,1680 GiB               (4 * 420 GiB HDD),No,N/A,64-bit,High,N/A,0 MB/s,0 IOPS,No,60,4,No,No,No,No,PV,Yes,$0.350000 hourly,$0.224000 hourly,$0.41 hourly,$0.284 hourly
m2.2xlarge,M2 High Memory Double Extra Large,1,34.2 GiB,13 units,4,0,0,3.25 units,Intel Xeon Family,unknown,unknown,unknown,unknown,850 GiB               HDD,No,N/A,64-bit,Moderate,N/A,0 MB/s,0 IOPS,No,120,4,No,No,No,No,PV,Yes,$0.490000 hourly,$0.222000 hourly,$0.55 hourly,$0.282 hourly
m2.4xlarge,M2 High Memory Quadruple Extra Large,3,68.4 GiB,26 units,8,0,0,3.25 units,Intel Xeon Family,unknown,unknown,unknown,unknown,1680 GiB               (2 * 840 GiB HDD),No,N/A,64-bit,High,N/A,0 MB/s,0 IOPS,No,240,8,No,No,No,No,PV,Yes,$0.980000 hourly,$0.444000 hourly,$1.11 hourly,$0.574 hourly
m2.xlarge,M2 High Memory Extra Large,1,17.1 GiB,6.5 units,2,0,0,3.25 units,Intel Xeon Family,unknown,unknown,unknown,unknown,420 GiB               HDD,No,N/A,64-bit,Moderate,N/A,0 MB/s,0 IOPS,No,60,4,No,No,No,No,PV,Yes,$0.245000 hourly,$0.111000 hourly,$0.305 hourly,$0.171 hourly
m3.2xlarge,M3 General Purpose Double Extra Large,3,30.0 GiB,26 units,8,0,0,3.25 units,Intel Xeon E5-2670 v2 (Ivy Bridge/Sandy Bridge),2.5 GHz,Yes,unknown,Yes,160 GiB               (2 * 80 GiB SSD),No,No,64-bit,High,N/A,0 MB/s,0 IOPS,No,120,4,No,No,No,No,"HVM, PV",Yes,$0.532000 hourly,$0.380000 hourly,$0.662 hourly,$0.51 hourly
m3.large,M3 General Purpose Large,1,7.5 GiB,6.5 units,2,0,0,3.25 units,Intel Xeon E5-2670 v2 (Ivy Bridge/Sandy Bridge),2.5 GHz,Yes,unknown,Yes,32 GiB               SSD,No,No,64-bit,Moderate,N/A,0 MB/s,0 IOPS,No,30,3,No,No,No,No,"HVM, PV",No,$0.133000 hourly,$0.095000 hourly,$0.193 hourly,$0.155 hourly
m3.medium,M3 General Purpose Medium,1,3.75 GiB,3 units,1,0,0,3 units,Intel Xeon E5-2670 v2 (Ivy Bridge/Sandy Bridge),2.5 GHz,Yes,unknown,Yes,4 GiB               SSD,No,No,64-bit,Moderate,N/A,0 MB/s,0 IOPS,No,12,2,No,No,No,No,"HVM, PV",No,$0.067000 hourly,$0.048000 hourly,$0.127 hourly,$0.108 hourly
m3.xlarge,M3 General Purpose Extra Large,1,15.0 GiB,13 units,4,0,0,3.25 units,Intel Xeon E5-2670 v2 (Ivy Bridge/Sandy Bridge),2.5 GHz,Yes,unknown,Yes,80 GiB               (2 * 40 GiB SSD),No,No,64-bit,High,N/A,0 MB/s,0 IOPS,No,60,4,No,No,No,No,"HVM, PV",Yes,$0.266000 hourly,$0.190000 hourly,$0.326 hourly,$0.25 hourly
m4.10xlarge,M4 General Purpose Deca Extra Large,19,160.0 GiB,124.5 units,40,0,0,3.112 units,Intel Xeon E5-2676 v3 (Haswell),2.4 GHz,Yes,Yes,Yes,EBS only,N/A,N/A,64-bit,10 Gigabit,4000.0 Mbps,500.0 MB/s,32000.0 IOPS,No,240,8,Yes,Yes,Yes,No,HVM,Yes,$2.000000 hourly,$1.239000 hourly,$2.13 hourly,$1.369 hourly
m4.16xlarge,M4 General Purpose 16xlarge,31,256.0 GiB,188 units,64,0,0,2.938 units,Intel Xeon E5-2686 v4 (Broadwell),2.3 GHz,Yes,Yes,Yes,EBS only,N/A,N/A,64-bit,20 Gigabit,10000.0 Mbps,1250.0 MB/s,65000.0 IOPS,No,240,8,Yes,Yes,Yes,No,HVM,Yes,$3.200000 hourly,$1.982400 hourly,$3.33 hourly,$2.1124 hourly
m4.2xlarge,M4 General Purpose Double Extra Large,3,32.0 GiB,26 units,8,0,0,3.25 units,Intel Xeon E5-2676 v3 (Haswell),2.4 GHz,Yes,Yes,Yes,EBS only,N/A,N/A,64-bit,High,1000.0 Mbps,125.0 MB/s,8000.0 IOPS,No,60,4,Yes,Yes,Yes,No,HVM,Yes,$0.400000 hourly,$0.247800 hourly,$0.53 hourly,$0.3778 hourly
m4.4xlarge,M4 General Purpose Quadruple Extra Large,7,64.0 GiB,53.5 units,16,0,0,3.344 units,Intel Xeon E5-2676 v3 (Haswell),2.4 GHz,Yes,Yes,Yes,EBS only,N/A,N/A,64-bit,High,2000.0 Mbps,250.0 MB/s,16000.0 IOPS,No,240,8,Yes,Yes,Yes,No,HVM,Yes,$0.800000 hourly,$0.495600 hourly,$0.93 hourly,$0.6256 hourly
m4.large,M4 General Purpose Large,1,8.0 GiB,6.5 units,2,0,0,3.25 units,Intel Xeon E5-2676 v3 (Haswell),2.4 GHz,Yes,Yes,Yes,EBS only,N/A,N/A,64-bit,Moderate,450.0 Mbps,56.25 MB/s,3600.0 IOPS,No,20,2,Yes,Yes,Yes,No,HVM,Yes,$0.100000 hourly,$0.062000 hourly,$0.16 hourly,$0.122 hourly
m4.xlarge,M4 General Purpose Extra Large,1,16.0 GiB,13 units,4,0,0,3.25 units,Intel Xeon E5-2676 v3 (Haswell),2.4  GHz,Yes,Yes,Yes,EBS only,N/A,N/A,64-bit,High,750.0 Mbps,93.75 MB/s,6000.0 IOPS,No,60,4,Yes,Yes,Yes,No,HVM,Yes,$0.200000 hourly,$0.123900 hourly,$0.26 hourly,$0.1839 hourly
m5.12xlarge,M5 General Purpose 12xlarge,23,192.0 GiB,173 units,48,0,0,3.604 units,Intel Xeon Platinum 8175,2.5 GHz,Yes,Yes,Yes,EBS only,N/A,N/A,64-bit,10 Gigabit,7000.0 Mbps,875.0 MB/s,40000.0 IOPS,No,240,8,Yes,Yes,Yes,No,HVM,Yes,$2.304000 hourly,$1.472000 hourly,$2.434 hourly,$1.602 hourly
m5.24xlarge,M5 General Purpose 24xlarge,47,384.0 GiB,345 units,96,0,0,3.594 units,Intel Xeon Platinum 8175,2.5 GHz,Yes,Yes,Yes,EBS only,N/A,N/A,64-bit,25 Gigabit,14000.0 Mbps,1750.0 MB/s,80000.0 IOPS,No,750,15,Yes,Yes,Yes,No,HVM,Yes,$4.608000 hourly,$2.944000 hourly,$4.738 hourly,$3.074 hourly
m5.2xlarge,M5 General Purpose Double Extra Large,3,32.0 GiB,31 units,8,0,0,3.875 units,Intel Xeon Platinum 8175,2.5 GHz,Yes,Yes,Yes,EBS only,N/A,N/A,64-bit,Up to 10 Gigabit,3500.0 Mbps,437.5 MB/s,18750.0 IOPS,No,60,4,Yes,Yes,Yes,No,HVM,Yes,$0.384000 hourly,$0.245000 hourly,$0.514 hourly,$0.375 hourly
m5.4xlarge,M5 General Purpose Quadruple Extra Large,7,64.0 GiB,60 units,16,0,0,3.75 units,Intel Xeon Platinum 8175,2.5 GHz,Yes,Yes,Yes,EBS only,N/A,N/A,64-bit,Up to 10 Gigabit,3500.0 Mbps,437.5 MB/s,18750.0 IOPS,No,240,8,Yes,Yes,Yes,No,HVM,Yes,$0.768000 hourly,$0.491000 hourly,$0.898 hourly,$0.621 hourly
m5.large,M5 General Purpose Large,1,8.0 GiB,8 units,2,0,0,4 units,Intel Xeon Platinum 8175,2.5 GHz,Yes,Yes,Yes,EBS only,N/A,N/A,64-bit,Up to 10 Gigabit,3500.0 Mbps,437.5 MB/s,18750.0 IOPS,No,30,3,Yes,Yes,Yes,No,HVM,No,$0.096000 hourly,$0.061000 hourly,$0.156 hourly,$0.121 hourly
m5.metal,M5 General Purpose Metal,47,384.0 GiB,345 units,96,0,0,3.594 units,Intel Xeon Platinum 8175,2.5 GHz,Yes,Yes,Yes,EBS only,N/A,N/A,64-bit,25 Gigabit,14000.0 Mbps,1750.0 MB/s,80000.0 IOPS,No,750,15,Yes,Yes,Yes,No,HVM,No,$4.608000 hourly,$2.944000 hourly,$4.738 hourly,$3.074 hourly
m5.xlarge,M5 General Purpose Extra Large,1,16.0 GiB,16 units,4,0,0,4 units,Intel Xeon Platinum 8175,2.5 GHz,Yes,Yes,Yes,EBS only,N/A,N/A,64-bit,Up to 10 Gigabit,3500.0 Mbps,437.5 MB/s,18750.0 IOPS,No,60,4,Yes,Yes,Yes,No,HVM,Yes,$0.192000 hourly,$0.123000 hourly,$0.252 hourly,$0.183 hourly
m5a.12xlarge,M5A 12xlarge,23,192.0 GiB,0 units,48,0,0,0 units,AMD EPYC 7571,2.5 GHz,unknown,unknown,unknown,EBS only,N/A,N/A,64-bit,10 Gigabit,5000.0 Mbps,625.0 MB/s,30000.0 IOPS,No,240,8,Yes,Yes,Yes,No,Unknown,Yes,$2.064000 hourly,$1.313000 hourly,$2.194 hourly,$1.443 hourly
m5a.24xlarge,M5A 24xlarge,47,384.0 GiB,0 units,96,0,0,0 units,AMD EPYC 7571,2.5 GHz,unknown,unknown,unknown,EBS only,N/A,N/A,64-bit,20 Gigabit,10000.0 Mbps,1250.0 MB/s,60000.0 IOPS,No,750,15,Yes,Yes,Yes,No,Unknown,Yes,$4.128000 hourly,$2.627000 hourly,$4.258 hourly,$2.757 hourly
m5a.2xlarge,M5A Double Extra Large,3,32.0 GiB,0 units,8,0,0,0 units,AMD EPYC 7571,2.5 GHz,unknown,unknown,unknown,EBS only,N/A,N/A,64-bit,Up to 10 Gigabit,2120.0 Mbps,265.0 MB/s,16000.0 IOPS,No,60,4,Yes,Yes,Yes,No,Unknown,Yes,$0.344000 hourly,$0.219000 hourly,$0.474 hourly,$0.349 hourly
m5a.4xlarge,M5A Quadruple Extra Large,7,64.0 GiB,0 units,16,0,0,0 units,AMD EPYC 7571,2.5 GHz,unknown,unknown,unknown,EBS only,N/A,N/A,64-bit,Up to 10 Gigabit,2120.0 Mbps,265.0 MB/s,16000.0 IOPS,No,240,8,Yes,Yes,Yes,No,Unknown,Yes,$0.688000 hourly,$0.438000 hourly,$0.818 hourly,$0.568 hourly
m5a.large,M5A Large,1,8.0 GiB,0 units,2,0,0,0 units,AMD EPYC 7571,2.5 GHz,unknown,unknown,unknown,EBS only,N/A,N/A,64-bit,Up to 10 Gigabit,2120.0 Mbps,265.0 MB/s,16000.0 IOPS,No,30,3,Yes,Yes,Yes,No,Unknown,No,$0.086000 hourly,$0.055000 hourly,$0.146 hourly,$0.115 hourly
m5a.xlarge,M5A Extra Large,1,16.0 GiB,0 units,4,0,0,0 units,AMD EPYC 7571,2.5 GHz,unknown,unknown,unknown,EBS only,N/A,N/A,64-bit,Up to 10 Gigabit,2120.0 Mbps,265.0 MB/s,16000.0 IOPS,No,60,4,Yes,Yes,Yes,No,Unknown,Yes,$0.172000 hourly,$0.109000 hourly,$0.232 hourly,$0.169 hourly
m5ad.12xlarge,M5AD 12xlarge,23,192.0 GiB,0 units,48,0,0,0 units,AMD EPYC 7571,2.5 GHz,unknown,unknown,unknown,1800 GiB               (2 * 900 GiB NVMe SSD),Yes,Yes,64-bit,10 Gigabit,5000.0 Mbps,675.0 MB/s,30000.0 IOPS,No,240,8,Yes,Yes,Yes,No,Unknown,No,$2.472000 hourly,$1.581000 hourly,$2.602 hourly,$1.711 hourly
m5ad.24xlarge,M5AD 24xlarge,47,384.0 GiB,0 units,96,0,0,0 units,AMD EPYC 7571,2.5 GHz,unknown,unknown,unknown,3600 GiB               (4 * 900 GiB NVMe SSD),Yes,Yes,64-bit,20 Gigabit,10000.0 Mbps,1250.0 MB/s,60000.0 IOPS,No,750,15,Yes,Yes,Yes,No,Unknown,No,$4.944000 hourly,$3.161000 hourly,$5.074 hourly,$3.291 hourly
m5ad.2xlarge,M5AD Double Extra Large,3,32.0 GiB,0 units,8,0,0,0 units,AMD EPYC 7571,2.5 GHz,unknown,unknown,unknown,300 GiB               NVMe SSD,Yes,Yes,64-bit,Up to 10 Gigabit,2120.0 Mbps,265.0 MB/s,16000.0 IOPS,No,60,4,Yes,Yes,Yes,No,Unknown,No,$0.412000 hourly,$0.263000 hourly,$0.542 hourly,$0.393 hourly
m5ad.4xlarge,M5AD Quadruple Extra Large,7,64.0 GiB,0 units,16,0,0,0 units,AMD EPYC 7571,2.5 GHz,unknown,unknown,unknown,600 GiB               (2 * 300 GiB NVMe SSD),Yes,Yes,64-bit,Up to 10 Gigabit,2120.0 Mbps,265.0 MB/s,16000.0 IOPS,No,240,8,Yes,Yes,Yes,No,Unknown,No,$0.824000 hourly,$0.527000 hourly,$0.954 hourly,$0.657 hourly
m5ad.large,M5AD Large,1,8.0 GiB,0 units,2,0,0,0 units,AMD EPYC 7571,2.5 GHz,unknown,unknown,unknown,75 GiB               NVMe SSD,Yes,Yes,64-bit,Up to 10 Gigabit,2120.0 Mbps,265.0 MB/s,16000.0 IOPS,No,30,3,Yes,Yes,Yes,No,Unknown,No,$0.103000 hourly,$0.066000 hourly,$0.163 hourly,$0.126 hourly
m5ad.xlarge,M5AD Extra Large,1,16.0 GiB,0 units,4,0,0,0 units,AMD EPYC 7571,2.5 GHz,unknown,unknown,unknown,150 GiB               NVMe SSD,Yes,Yes,64-bit,Up to 10 Gigabit,2120.0 Mbps,265.0 MB/s,16000.0 IOPS,No,60,4,Yes,Yes,Yes,No,Unknown,No,$0.206000 hourly,$0.132000 hourly,$0.266 hourly,$0.192 hourly
m5d.12xlarge,M5 General Purpose 12xlarge,23,192.0 GiB,173 units,48,0,0,3.604 units,Intel Xeon Platinum 8175,2.5 GHz,Yes,Yes,Yes,1800 GiB               (2 * 900 GiB NVMe SSD),Yes,Yes,64-bit,10 Gigabit,7000.0 Mbps,875.0 MB/s,40000.0 IOPS,No,240,8,Yes,Yes,Yes,No,HVM,Yes,$2.712000 hourly,$1.727000 hourly,$2.842 hourly,$1.857 hourly
m5d.24xlarge,M5 General Purpose 24xlarge,47,384.0 GiB,345 units,96,0,0,3.594 units,Intel Xeon Platinum 8175,2.5 GHz,Yes,Yes,Yes,3600 GiB               (4 * 900 GiB NVMe SSD),Yes,Yes,64-bit,25 Gigabit,14000.0 Mbps,1750.0 MB/s,80000.0 IOPS,No,750,15,Yes,Yes,Yes,No,HVM,Yes,$5.424000 hourly,$3.454000 hourly,$5.554 hourly,$3.584 hourly
m5d.2xlarge,M5 General Purpose Double Extra Large,3,32.0 GiB,31 units,8,0,0,3.875 units,Intel Xeon Platinum 8175,2.5 GHz,Yes,Yes,Yes,300 GiB               NVMe SSD,Yes,Yes,64-bit,Up to 10 Gigabit,3500.0 Mbps,437.5 MB/s,18750.0 IOPS,No,60,4,Yes,Yes,Yes,No,HVM,Yes,$0.452000 hourly,$0.288000 hourly,$0.582 hourly,$0.418 hourly
m5d.4xlarge,M5 General Purpose Quadruple Extra Large,7,64.0 GiB,60 units,16,0,0,3.75 units,Intel Xeon Platinum 8175,2.5 GHz,Yes,Yes,Yes,600 GiB               (2 * 300 GiB NVMe SSD),Yes,Yes,64-bit,Up to 10 Gigabit,3500.0 Mbps,437.5 MB/s,18750.0 IOPS,No,240,8,Yes,Yes,Yes,No,HVM,Yes,$0.904000 hourly,$0.576000 hourly,$1.034 hourly,$0.706 hourly
m5d.large,M5 General Purpose Large,1,8.0 GiB,8 units,2,0,0,4 units,Intel Xeon Platinum 8175,2.5 GHz,Yes,Yes,Yes,75 GiB               NVMe SSD,Yes,Yes,64-bit,Up to 10 Gigabit,3500.0 Mbps,437.5 MB/s,18750.0 IOPS,No,30,3,Yes,Yes,Yes,No,HVM,No,$0.113000 hourly,$0.072000 hourly,$0.173 hourly,$0.132 hourly
m5d.metal,M5 General Purpose Metal,47,384.0 GiB,345 units,96,0,0,3.594 units,Intel Xeon Platinum 8175,2.5 GHz,Yes,Yes,Yes,3600 GiB               (4 * 900 GiB NVMe SSD),Yes,Yes,64-bit,25 Gigabit,14000.0 Mbps,1750.0 MB/s,80000.0 IOPS,No,750,15,Yes,Yes,Yes,No,HVM,No,$5.424000 hourly,$3.454000 hourly,$5.554 hourly,$3.584 hourly
m5d.xlarge,M5 General Purpose Extra Large,1,16.0 GiB,16 units,4,0,0,4 units,Intel Xeon Platinum 8175,2.5 GHz,Yes,Yes,Yes,150 GiB               NVMe SSD,Yes,Yes,64-bit,Up to 10 Gigabit,3500.0 Mbps,437.5 MB/s,18750.0 IOPS,No,60,4,Yes,Yes,Yes,No,HVM,Yes,$0.226000 hourly,$0.144000 hourly,$0.286 hourly,$0.204 hourly
p2.16xlarge,General Purpose GPU 16xlarge,31,768.0 GiB,188 units,64,16,0,2.938 units,Intel Xeon E5-2686 v4 (Broadwell),2.3 GHz,Yes,Yes,Yes,EBS only,N/A,N/A,64-bit,20 Gigabit,10000.0 Mbps,1250.0 MB/s,65000.0 IOPS,No,240,8,Yes,Yes,Yes,No,HVM,Yes,$14.400000 hourly,$9.828000 hourly,$14.53 hourly,$9.958 hourly
p2.8xlarge,General Purpose GPU Eight Extra Large,15,488.0 GiB,94 units,32,8,0,2.938 units,Intel Xeon E5-2686 v4 (Broadwell),2.3 GHz,Yes,Yes,Yes,EBS only,N/A,N/A,64-bit,10 Gigabit,5000.0 Mbps,625.0 MB/s,32500.0 IOPS,No,240,8,Yes,Yes,Yes,No,HVM,Yes,$7.200000 hourly,$4.914000 hourly,$7.33 hourly,$5.044 hourly
p2.xlarge,General Purpose GPU Extra Large,1,61.0 GiB,12 units,4,1,0,3 units,Intel Xeon E5-2686 v4 (Broadwell),2.3 GHz,Yes,Yes,Yes,EBS only,N/A,N/A,64-bit,High,750.0 Mbps,93.75 MB/s,6000.0 IOPS,No,60,4,Yes,Yes,Yes,No,HVM,Yes,$0.900000 hourly,$0.614000 hourly,$0.96 hourly,$0.674 hourly
p3.16xlarge,P3 16xlarge,31,488.0 GiB,188 units,64,8,0,2.938 units,Intel Xeon E5-2686 v4 (Broadwell),2.3 GHz,Yes,Yes,Yes,EBS only,N/A,N/A,64-bit,25 Gigabit,14000.0 Mbps,1750.0 MB/s,80000.0 IOPS,No,240,8,Yes,Yes,Yes,No,HVM,Yes,$24.480000 hourly,$16.708000 hourly,$24.61 hourly,$16.838 hourly
p3.2xlarge,P3 Double Extra Large,3,61.0 GiB,26 units,8,1,0,3.25 units,Intel Xeon E5-2686 v4 (Broadwell),2.3 GHz,Yes,Yes,Yes,EBS only,N/A,N/A,64-bit,Up to 10 Gigabit,1750.0 Mbps,218.0 MB/s,10000.0 IOPS,No,60,4,Yes,Yes,Yes,No,HVM,Yes,$3.060000 hourly,$2.088000 hourly,$3.19 hourly,$2.218 hourly
p3.8xlarge,P3 Eight Extra Large,15,244.0 GiB,94 units,32,4,0,2.938 units,Intel Xeon E5-2686 v4 (Broadwell),2.3 GHz,Yes,Yes,Yes,EBS only,N/A,N/A,64-bit,10 Gigabit,7000.0 Mbps,875.0 MB/s,40000.0 IOPS,No,240,8,Yes,Yes,Yes,No,HVM,Yes,$12.240000 hourly,$8.354000 hourly,$12.37 hourly,$8.484 hourly
p3dn.24xlarge,P3DN 24xlarge,47,768.0 GiB,345 units,96,8,0,3.594 units,Intel Xeon Platinum 8175 (Skylake),2.5 GHz,Yes,Yes,Yes,1800 GiB               (2 * 900 GiB NVMe SSD),Yes,Yes,64-bit,100 Gigabit,14000.0 Mbps,1750.0 MB/s,80000.0 IOPS,No,750,15,Yes,Yes,Yes,No,Unknown,No,$31.212000 hourly,$19.215000 hourly,$31.342 hourly,$19.345 hourly
r3.2xlarge,R3 High-Memory Double Extra Large,3,61.0 GiB,26 units,8,0,0,3.25 units,Intel Xeon E5-2670 v2 (Ivy Bridge),2.5 GHz,Yes,unknown,Yes,160 GiB               SSD,Yes,Yes,64-bit,High,N/A,0 MB/s,0 IOPS,No,60,4,Yes,No,Yes,No,HVM,Yes,$0.665000 hourly,$0.418000 hourly,$0.795 hourly,$0.548 hourly
r3.4xlarge,R3 High-Memory Quadruple Extra Large,7,122.0 GiB,52 units,16,0,0,3.25 units,Intel Xeon E5-2670 v2 (Ivy Bridge),2.5 GHz,Yes,unknown,Yes,320 GiB               SSD,Yes,Yes,64-bit,High,N/A,0 MB/s,0 IOPS,No,240,8,Yes,No,Yes,No,HVM,Yes,$1.330000 hourly,$0.836000 hourly,$1.46 hourly,$0.966 hourly
r3.8xlarge,R3 High-Memory Eight Extra Large,15,244.0 GiB,104 units,32,0,0,3.25 units,Intel Xeon E5-2670 v2 (Ivy Bridge),2.5 GHz,Yes,unknown,Yes,640 GiB               (2 * 320 GiB SSD),Yes,Yes,64-bit,10 Gigabit,N/A,0 MB/s,0 IOPS,No,240,8,Yes,No,Yes,No,HVM,Yes,$2.660000 hourly,$1.672000 hourly,$2.79 hourly,$1.802 hourly
r3.large,R3 High-Memory Large,1,15.25 GiB,6.5 units,2,0,0,3.25 units,Intel Xeon E5-2670 v2 (Ivy Bridge),2.5 GHz,Yes,unknown,Yes,32 GiB               SSD,Yes,Yes,64-bit,Moderate,N/A,0 MB/s,0 IOPS,No,30,3,Yes,No,Yes,No,HVM,No,$0.166000 hourly,$0.105000 hourly,$0.226 hourly,$0.165 hourly
r3.xlarge,R3 High-Memory Extra Large,1,30.5 GiB,13 units,4,0,0,3.25 units,Intel Xeon E5-2670 v2 (Ivy Bridge),2.5 GHz,Yes,unknown,Yes,80 GiB               SSD,Yes,Yes,64-bit,Moderate,N/A,0 MB/s,0 IOPS,No,60,4,Yes,No,Yes,No,HVM,Yes,$0.333000 hourly,$0.209000 hourly,$0.393 hourly,$0.269 hourly
r4.16xlarge,R4 High-Memory 16xlarge,31,488.0 GiB,195 units,64,0,0,3.047 units,Intel Xeon E5-2686 v4 (Broadwell),2.3 GHz,Yes,Yes,Yes,EBS only,N/A,N/A,64-bit,20 Gigabit,14000.0 Mbps,1750.0 MB/s,75000.0 IOPS,No,750,15,Yes,Yes,Yes,No,HVM,Yes,$4.256000 hourly,$2.688000 hourly,$4.386 hourly,$2.818 hourly
r4.2xlarge,R4 High-Memory Double Extra Large,3,61.0 GiB,27 units,8,0,0,3.375 units,Intel Xeon E5-2686 v4 (Broadwell),2.3 GHz,Yes,Yes,Yes,EBS only,N/A,N/A,64-bit,Up to 10 Gigabit,1700.0 Mbps,212.5 MB/s,12000.0 IOPS,No,60,4,Yes,Yes,Yes,No,HVM,Yes,$0.532000 hourly,$0.336000 hourly,$0.662 hourly,$0.433 hourly
r4.4xlarge,R4 High-Memory Quadruple Extra Large,7,122.0 GiB,53 units,16,0,0,3.312 units,Intel Xeon E5-2686 v4 (Broadwell),2.3 GHz,Yes,Yes,Yes,EBS only,N/A,N/A,64-bit,Up to 10 Gigabit,3500.0 Mbps,437.5 MB/s,18750.0 IOPS,No,240,8,Yes,Yes,Yes,No,HVM,Yes,$1.064000 hourly,$0.672000 hourly,$1.194 hourly,$0.802 hourly
r4.8xlarge,R4 High-Memory Eight Extra Large,15,244.0 GiB,99 units,32,0,0,3.094 units,Intel Xeon E5-2686 v4 (Broadwell),2.3 GHz,Yes,Yes,Yes,EBS only,N/A,N/A,64-bit,10 Gigabit,7000.0 Mbps,875.0 MB/s,37500.0 IOPS,No,240,8,Yes,Yes,Yes,No,HVM,Yes,$2.128000 hourly,$1.344000 hourly,$2.258 hourly,$1.474 hourly
r4.large,R4 High-Memory Large,1,15.25 GiB,7 units,2,0,0,3.5 units,Intel Xeon E5-2686 v4 (Broadwell),2.3 GHz,Yes,Yes,Yes,EBS only,N/A,N/A,64-bit,Up to 10 Gigabit,425.0 Mbps,53.13 MB/s,3000.0 IOPS,No,30,3,Yes,Yes,Yes,No,HVM,No,$0.133000 hourly,$0.084000 hourly,$0.193 hourly,$0.144 hourly
r4.xlarge,R4 High-Memory Extra Large,1,30.5 GiB,13.5 units,4,0,0,3.375 units,Intel Xeon E5-2686 v4 (Broadwell),2.3 GHz,Yes,Yes,Yes,EBS only,N/A,N/A,64-bit,Up to 10 Gigabit,850.0 Mbps,106.25 MB/s,6000.0 IOPS,No,60,4,Yes,Yes,Yes,No,HVM,Yes,$0.266000 hourly,$0.168000 hourly,$0.396 hourly,$0.228 hourly
r5.12xlarge,R5 12xlarge,23,384.0 GiB,173 units,48,0,0,3.604 units,Intel Xeon Platinum 8175,unknown,unknown,unknown,unknown,EBS only,N/A,N/A,64-bit,10 Gigabit,7000.0 Mbps,875.0 MB/s,40000.0 IOPS,No,240,8,No,Yes,Yes,No,HVM,Yes,$3.024000 hourly,$1.905000 hourly,$3.154 hourly,$2.035 hourly
r5.24xlarge,R5 24xlarge,47,768.0 GiB,347 units,96,0,0,3.615 units,Intel Xeon Platinum 8175,unknown,unknown,unknown,unknown,EBS only,N/A,N/A,64-bit,25 Gigabit,14000.0 Mbps,1750.0 MB/s,80000.0 IOPS,No,750,15,No,Yes,Yes,No,HVM,Yes,$6.048000 hourly,$3.810000 hourly,$6.178 hourly,$3.94 hourly
r5.2xlarge,R5 Double Extra Large,3,64.0 GiB,38 units,8,0,0,4.75 units,Intel Xeon Platinum 8175,unknown,unknown,unknown,unknown,EBS only,N/A,N/A,64-bit,10 Gigabit,3500.0 Mbps,437.5 MB/s,18750.0 IOPS,No,60,4,No,Yes,Yes,No,HVM,Yes,$0.504000 hourly,$0.318000 hourly,$0.634 hourly,$0.448 hourly
r5.4xlarge,R5 Quadruple Extra Large,7,128.0 GiB,71 units,16,0,0,4.438 units,Intel Xeon Platinum 8175,unknown,unknown,unknown,unknown,EBS only,N/A,N/A,64-bit,10 Gigabit,3500.0 Mbps,437.5 MB/s,18750.0 IOPS,No,240,8,No,Yes,Yes,No,HVM,Yes,$1.008000 hourly,$0.635000 hourly,$1.138 hourly,$0.765 hourly
r5.large,R5 Large,1,16.0 GiB,9 units,2,0,0,4.5 units,Intel Xeon Platinum 8175,3.1 GHz,unknown,unknown,unknown,EBS only,N/A,N/A,64-bit,10 Gigabit,3500.0 Mbps,437.5 MB/s,18750.0 IOPS,No,30,3,No,Yes,Yes,No,HVM,No,$0.126000 hourly,$0.079000 hourly,$0.186 hourly,$0.139 hourly
r5.metal,R5 Metal,47,768.0 GiB,347 units,96,0,0,3.615 units,Intel Xeon Platinum 8175,unknown,unknown,unknown,unknown,EBS only,N/A,N/A,64-bit,25 Gigabit,14000.0 Mbps,1750.0 MB/s,80000.0 IOPS,No,750,15,No,Yes,Yes,No,HVM,No,$6.048000 hourly,$3.810000 hourly,$6.178 hourly,$3.94 hourly
r5.xlarge,R5 Extra Large,1,32.0 GiB,19 units,4,0,0,4.75 units,Intel Xeon Platinum 8175,unknown,unknown,unknown,unknown,EBS only,N/A,N/A,64-bit,10 Gigabit,3500.0 Mbps,437.5 MB/s,18750.0 IOPS,No,60,4,No,Yes,Yes,No,HVM,Yes,$0.252000 hourly,$0.159000 hourly,$0.312 hourly,$0.219 hourly
r5a.12xlarge,R5A 12xlarge,23,384.0 GiB,0 units,48,0,0,0 units,AMD EPYC 7571,2.5 GHz,unknown,unknown,unknown,EBS only,N/A,N/A,64-bit,10 Gigabit,5000.0 Mbps,625.0 MB/s,30000.0 IOPS,No,240,8,Yes,Yes,Yes,No,Unknown,Yes,$2.712000 hourly,$1.711000 hourly,$2.842 hourly,$1.841 hourly
r5a.24xlarge,R5A 24xlarge,47,768.0 GiB,0 units,96,0,0,0 units,AMD EPYC 7571,2.5 GHz,unknown,unknown,unknown,EBS only,N/A,N/A,64-bit,20 Gigabit,10000.0 Mbps,1250.0 MB/s,60000.0 IOPS,No,750,15,Yes,Yes,Yes,No,Unknown,Yes,$5.424000 hourly,$3.423000 hourly,$5.554 hourly,$3.553 hourly
r5a.2xlarge,R5A Double Extra Large,3,64.0 GiB,0 units,8,0,0,0 units,AMD EPYC 7571,2.5 GHz,unknown,unknown,unknown,EBS only,N/A,N/A,64-bit,10 Gigabit,2210.0 Mbps,265.0 MB/s,16000.0 IOPS,No,60,4,Yes,Yes,Yes,No,Unknown,Yes,$0.452000 hourly,$0.285000 hourly,$0.582 hourly,$0.415 hourly
r5a.4xlarge,R5A Quadruple Extra Large,7,128.0 GiB,0 units,16,0,0,0 units,AMD EPYC 7571,2.5 GHz,unknown,unknown,unknown,EBS only,N/A,N/A,64-bit,10 Gigabit,2210.0 Mbps,265.0 MB/s,16000.0 IOPS,No,240,8,Yes,Yes,Yes,No,Unknown,Yes,$0.904000 hourly,$0.570000 hourly,$1.034 hourly,$0.7 hourly
r5a.large,R5A Large,1,16.0 GiB,0 units,2,0,0,0 units,AMD EPYC 7571,2.5 GHz,unknown,unknown,unknown,EBS only,N/A,N/A,64-bit,10 Gigabit,2210.0 Mbps,265.0 MB/s,16000.0 IOPS,No,30,3,Yes,Yes,Yes,No,Unknown,No,$0.113000 hourly,$0.071000 hourly,$0.173 hourly,$0.131 hourly
r5a.xlarge,R5A Extra Large,1,32.0 GiB,0 units,4,0,0,0 units,AMD EPYC 7571,2.5 GHz,unknown,unknown,unknown,EBS only,N/A,N/A,64-bit,10 Gigabit,2210.0 Mbps,265.0 MB/s,16000.0 IOPS,No,60,4,Yes,Yes,Yes,No,Unknown,Yes,$0.226000 hourly,$0.143000 hourly,$0.286 hourly,$0.203 hourly
r5ad.12xlarge,R5AD 12xlarge,23,384.0 GiB,0 units,48,0,0,0 units,AMD EPYC 7571,2.5 GHz,unknown,unknown,unknown,1800 GiB               (2 * 900 GiB NVMe SSD),Yes,Yes,64-bit,10 Gigabit,5000.0 Mbps,625.0 MB/s,30000.0 IOPS,No,240,8,Yes,Yes,Yes,No,Unknown,No,$3.144000 hourly,$1.991000 hourly,$3.274 hourly,$2.121 hourly
r5ad.24xlarge,R5AD 24xlarge,47,768.0 GiB,0 units,96,0,0,0 units,AMD EPYC 7571,2.5 GHz,unknown,unknown,unknown,3600 GiB               (4 * 900 GiB NVMe SSD),Yes,Yes,64-bit,20 Gigabit,10000.0 Mbps,1250.0 MB/s,60000.0 IOPS,No,750,15,Yes,Yes,Yes,No,Unknown,No,$6.288000 hourly,$3.981000 hourly,$6.418 hourly,$4.111 hourly
r5ad.2xlarge,R5AD Double Extra Large,3,64.0 GiB,0 units,8,0,0,0 units,AMD EPYC 7571,2.5 GHz,unknown,unknown,unknown,300 GiB               NVMe SSD,Yes,Yes,64-bit,10 Gigabit,2210.0 Mbps,265.0 MB/s,16000.0 IOPS,No,60,4,Yes,Yes,Yes,No,Unknown,No,$0.524000 hourly,$0.332000 hourly,$0.654 hourly,$0.462 hourly
r5ad.4xlarge,R5AD Quadruple Extra Large,7,128.0 GiB,0 units,16,0,0,0 units,AMD EPYC 7571,2.5 GHz,unknown,unknown,unknown,600 GiB               (2 * 300 GiB NVMe SSD),Yes,Yes,64-bit,10 Gigabit,2210.0 Mbps,265.0 MB/s,16000.0 IOPS,No,240,8,Yes,Yes,Yes,No,Unknown,No,$1.048000 hourly,$0.664000 hourly,$1.178 hourly,$0.794 hourly
r5ad.large,R5AD Large,1,16.0 GiB,0 units,2,0,0,0 units,AMD EPYC 7571,2.5 GHz,unknown,unknown,unknown,75 GiB               NVMe SSD,Yes,Yes,64-bit,10 Gigabit,2210.0 Mbps,265.0 MB/s,16000.0 IOPS,No,30,3,Yes,Yes,Yes,No,Unknown,No,$0.131000 hourly,$0.083000 hourly,$0.191 hourly,$0.143 hourly
r5ad.xlarge,R5AD Extra Large,1,32.0 GiB,0 units,4,0,0,0 units,AMD EPYC 7571,2.5 GHz,unknown,unknown,unknown,150 GiB               NVMe SSD,Yes,Yes,64-bit,10 Gigabit,2210.0 Mbps,265.0 MB/s,16000.0 IOPS,No,60,4,Yes,Yes,Yes,No,Unknown,No,$0.262000 hourly,$0.166000 hourly,$0.322 hourly,$0.226 hourly
r5d.12xlarge,R5D 12xlarge,23,384.0 GiB,173 units,48,0,0,3.604 units,Intel Xeon Platinum 8175,unknown,unknown,unknown,unknown,1800 GiB               (2 * 900 GiB NVMe SSD),Yes,Yes,64-bit,10 Gigabit,7000.0 Mbps,875.0 MB/s,40000.0 IOPS,No,240,8,No,Yes,Yes,No,HVM,Yes,$3.456000 hourly,$2.181000 hourly,$3.586 hourly,$2.311 hourly
r5d.24xlarge,R5D 24xlarge,47,768.0 GiB,347 units,96,0,0,3.615 units,Intel Xeon Platinum 8175,unknown,unknown,unknown,unknown,3600 GiB               (4 * 900 GiB NVMe SSD),Yes,Yes,64-bit,25 Gigabit,14000.0 Mbps,1750.0 MB/s,80000.0 IOPS,No,750,15,No,Yes,Yes,No,HVM,Yes,$6.912000 hourly,$4.362000 hourly,$7.042 hourly,$4.492 hourly
r5d.2xlarge,R5D Double Extra Large,3,64.0 GiB,38 units,8,0,0,4.75 units,Intel Xeon Platinum 8175,unknown,unknown,unknown,unknown,300 GiB               NVMe SSD,Yes,Yes,64-bit,10 Gigabit,3500.0 Mbps,437.5 MB/s,18750.0 IOPS,No,60,4,No,Yes,Yes,No,HVM,Yes,$0.576000 hourly,$0.364000 hourly,$0.706 hourly,$0.494 hourly
r5d.4xlarge,R5D Quadruple Extra Large,7,128.0 GiB,71 units,16,0,0,4.438 units,Intel Xeon Platinum 8175,unknown,unknown,unknown,unknown,600 GiB               (2 * 300 GiB NVMe SSD),Yes,Yes,64-bit,10 Gigabit,3500.0 Mbps,437.5 MB/s,18750.0 IOPS,No,240,8,No,Yes,Yes,No,HVM,Yes,$1.152000 hourly,$0.727000 hourly,$1.282 hourly,$0.857 hourly
r5d.large,R5D Large,1,16.0 GiB,10 units,2,0,0,5 units,Intel Xeon Platinum 8175,unknown,unknown,unknown,unknown,75 GiB               NVMe SSD,Yes,Yes,64-bit,10 Gigabit,3500.0 Mbps,437.5 MB/s,18750.0 IOPS,No,30,3,No,Yes,Yes,No,HVM,No,$0.144000 hourly,$0.091000 hourly,$0.204 hourly,$0.151 hourly
r5d.metal,R5D Metal,47,768.0 GiB,347 units,96,0,0,3.615 units,Intel Xeon Platinum 8175,unknown,unknown,unknown,unknown,3600 GiB               (4 * 900 GiB NVMe SSD),Yes,Yes,64-bit,25 Gigabit,14000.0 Mbps,1750.0 MB/s,80000.0 IOPS,No,750,15,No,Yes,Yes,No,HVM,No,$6.912000 hourly,$4.362000 hourly,$7.042 hourly,$4.492 hourly
r5d.xlarge,R5D Extra Large,1,32.0 GiB,19 units,4,0,0,4.75 units,Intel Xeon Platinum 8175,unknown,unknown,unknown,unknown,150 GiB               NVMe SSD,Yes,Yes,64-bit,10 Gigabit,3500.0 Mbps,437.5 MB/s,18750.0 IOPS,No,60,4,No,Yes,Yes,No,HVM,Yes,$0.288000 hourly,$0.182000 hourly,$0.348 hourly,$0.242 hourly
t1.micro,T1 Micro,1,0.613 GiB,Burstable,1,0,0,Burstable,Variable,unknown,unknown,unknown,unknown,EBS only,N/A,N/A,32/64-bit,Very Low,N/A,0 MB/s,0 IOPS,No,4,2,No,No,No,No,PV,No,$0.020000 hourly,$0.014000 hourly,$0.08 hourly,$0.074 hourly
t2.2xlarge,T2 Double Extra Large,7,32.0 GiB,Base performance:                 136%,8,0,0,Burstable,Intel Xeon Family,Up to 3.0 GHz,Yes,unknown,Yes,EBS only,N/A,N/A,64-bit,Moderate,N/A,0 MB/s,0 IOPS,No,45,3,No,Yes,Yes,No,HVM,No,$0.371200 hourly,$0.230000 hourly,$0.5012 hourly,$0.36 hourly
t2.large,T2 Large,1,8.0 GiB,Base performance:                 60%,2,0,0,Burstable,Intel Xeon Family,Up to 3.0 GHz,Yes,unknown,Yes,EBS only,N/A,N/A,64-bit,Low to Moderate,N/A,0 MB/s,0 IOPS,No,36,3,No,Yes,Yes,No,HVM,No,$0.092800 hourly,$0.057500 hourly,$0.1528 hourly,$0.1175 hourly
t2.medium,T2 Medium,1,4.0 GiB,Base performance:                 40%,2,0,0,Burstable,Intel Xeon Family,Up to 3.3 GHz,Yes,unknown,Yes,EBS only,N/A,N/A,32/64-bit,Low to Moderate,N/A,0 MB/s,0 IOPS,No,18,3,No,Yes,Yes,No,HVM,No,$0.046400 hourly,$0.028700 hourly,$0.1064 hourly,$0.0887 hourly
t2.micro,T2 Micro,1,1.0 GiB,Base performance:                 10%,1,0,0,Burstable,Intel Xeon Family,Up to 3.3 GHz,Yes,unknown,Yes,EBS only,N/A,N/A,32/64-bit,Low to Moderate,N/A,0 MB/s,0 IOPS,No,4,2,No,Yes,Yes,No,HVM,No,$0.011600 hourly,$0.007200 hourly,$0.0716 hourly,$0.0672 hourly
t2.nano,T2 Nano,1,0.5 GiB,Base performance:                 5%,1,0,0,Burstable,Intel Xeon Family,Up to 3.3 GHz,Yes,unknown,Yes,EBS only,N/A,N/A,32/64-bit,Low,N/A,0 MB/s,0 IOPS,No,4,2,No,Yes,Yes,No,HVM,No,$0.005800 hourly,$0.003600 hourly,unavailable,unavailable
t2.small,T2 Small,1,2.0 GiB,Base performance:                 20%,1,0,0,Burstable,Intel Xeon Family,Up to 3.3 GHz,Yes,unknown,Yes,EBS only,N/A,N/A,32/64-bit,Low to Moderate,N/A,0 MB/s,0 IOPS,No,12,3,No,Yes,Yes,No,HVM,No,$0.023000 hourly,$0.014400 hourly,$0.083 hourly,$0.0744 hourly
t2.xlarge,T2 Extra Large,1,16.0 GiB,Base performance:                 90%,1,0,0,Burstable,Intel Xeon Family,Up to 3.0 GHz,Yes,unknown,Yes,EBS only,N/A,N/A,64-bit,Moderate,N/A,0 MB/s,0 IOPS,No,45,3,No,Yes,Yes,No,HVM,No,$0.185600 hourly,$0.115000 hourly,$0.2456 hourly,$0.175 hourly
t3.2xlarge,T3 Double Extra Large,3,32.0 GiB,Base performance:                 320%,4,0,0,Burstable,Intel Skylake E5 2686 v5 (2.5 GHz),unknown,unknown,unknown,unknown,EBS only,N/A,N/A,64-bit,Moderate,2048.0 Mbps,256.0 MB/s,15700.0 IOPS,No,60,4,No,Yes,Yes,No,Unknown,No,$0.332800 hourly,$0.208600 hourly,$0.4628 hourly,$0.3386 hourly
t3.large,T3 Large,7,8.0 GiB,Base performance:                 60%,8,0,0,Burstable,Intel Skylake E5 2686 v5 (2.5 GHz),unknown,unknown,unknown,unknown,EBS only,N/A,N/A,64-bit,Low to Moderate,2048.0 Mbps,256.0 MB/s,15700.0 IOPS,No,36,3,No,Yes,Yes,No,Unknown,No,$0.083200 hourly,$0.052200 hourly,$0.1432 hourly,$0.1122 hourly
t3.medium,T3 Medium,1,4.0 GiB,Base performance:                 40%,2,0,0,Burstable,Intel Skylake E5 2686 v5 (2.5 GHz),unknown,unknown,unknown,unknown,EBS only,N/A,N/A,64-bit,Low to Moderate,1536.0 Mbps,192.0 MB/s,11800.0 IOPS,No,18,3,No,Yes,Yes,No,Unknown,No,$0.041600 hourly,$0.026100 hourly,$0.1016 hourly,$0.0861 hourly
t3.micro,T3 Micro,1,1.0 GiB,Base performance:                 20%,2,0,0,Burstable,Intel Skylake E5 2686 v5 (2.5 GHz),unknown,unknown,unknown,unknown,EBS only,N/A,N/A,64-bit,Low to Moderate,1536.0 Mbps,192.0 MB/s,11800.0 IOPS,No,4,2,No,Yes,Yes,No,Unknown,No,$0.010400 hourly,$0.006500 hourly,$0.0704 hourly,$0.0665 hourly
t3.nano,T3 Nano,1,0.5 GiB,Base performance:                 10%,2,0,0,Burstable,Intel Skylake E5 2686 v5 (2.5 GHz),unknown,unknown,unknown,unknown,EBS only,N/A,N/A,64-bit,Low,1536.0 Mbps,192.0 MB/s,11800.0 IOPS,No,4,2,No,Yes,Yes,No,Unknown,No,$0.005200 hourly,$0.003300 hourly,unavailable,unavailable
t3.small,T3 Small,1,2.0 GiB,Base performance:                 40%,2,0,0,Burstable,Intel Skylake E5 2686 v5 (2.5 GHz),unknown,unknown,unknown,unknown,EBS only,N/A,N/A,64-bit,Low to Moderate,1536.0 Mbps,192.0 MB/s,11800.0 IOPS,No,12,3,No,Yes,Yes,No,Unknown,No,$0.020800 hourly,$0.013000 hourly,$0.0808 hourly,$0.073 hourly
t3.xlarge,T3 Extra Large,3,16.0 GiB,Base performance:                 160%,4,0,0,Burstable,Intel Skylake E5 2686 v5 (2.5 GHz),unknown,unknown,unknown,unknown,EBS only,N/A,N/A,64-bit,Moderate,2048.0 Mbps,256.0 MB/s,15700.0 IOPS,No,60,4,No,Yes,Yes,No,Unknown,No,$0.166400 hourly,$0.104300 hourly,$0.2264 hourly,$0.1643 hourly
t3a.2xlarge,T3A Double Extra Large,7,32.0 GiB,Base performance:                 320%,8,0,0,Burstable,AMD EPYC 7571,2.5 GHz,unknown,unknown,unknown,EBS only,N/A,N/A,64-bit,Moderate,2048.0 Mbps,256.0 MB/s,15700.0 IOPS,No,60,4,Yes,Yes,Yes,No,Unknown,No,$0.300800 hourly,$0.188600 hourly,$0.4308 hourly,$0.3186 hourly
t3a.large,T3A Large,1,8.0 GiB,Base performance:                 60%,2,0,0,Burstable,AMD EPYC 7571,2.5 GHz,unknown,unknown,unknown,EBS only,N/A,N/A,64-bit,Low to Moderate,2048.0 Mbps,256.0 MB/s,15700.0 IOPS,No,36,3,Yes,Yes,Yes,No,Unknown,No,$0.075200 hourly,$0.047100 hourly,$0.1352 hourly,$0.1071 hourly
t3a.medium,T3A Medium,1,4.0 GiB,Base performance:                 40%,2,0,0,Burstable,AMD EPYC 7571,2.5 GHz,unknown,unknown,unknown,EBS only,N/A,N/A,64-bit,Low to Moderate,1536.0 Mbps,192.0 MB/s,11800.0 IOPS,No,18,3,Yes,Yes,Yes,No,Unknown,No,$0.037600 hourly,$0.023600 hourly,$0.0976 hourly,$0.0836 hourly
t3a.micro,T3A Micro,1,1.0 GiB,Base performance:                 20%,2,0,0,Burstable,AMD EPYC 7571,2.5 GHz,unknown,unknown,unknown,EBS only,N/A,N/A,64-bit,Low to Moderate,1536.0 Mbps,192.0 MB/s,11800.0 IOPS,No,4,2,Yes,Yes,Yes,No,Unknown,No,$0.009400 hourly,$0.005900 hourly,$0.0694 hourly,$0.0659 hourly
t3a.nano,T3A Nano,1,0.5 GiB,Base performance:                 10%,2,0,0,Burstable,AMD EPYC 7571,2.5 GHz,unknown,unknown,unknown,EBS only,N/A,N/A,64-bit,Low,1536.0 Mbps,192.0 MB/s,11800.0 IOPS,No,4,2,Yes,Yes,Yes,No,Unknown,No,$0.004700 hourly,$0.002900 hourly,unavailable,unavailable
t3a.small,T3A Small,3,2.0 GiB,Base performance:                 40%,4,0,0,Burstable,AMD EPYC 7571,2.5 GHz,unknown,unknown,unknown,EBS only,N/A,N/A,64-bit,Low to Moderate,1536.0 Mbps,192.0 MB/s,11800.0 IOPS,No,12,3,Yes,Yes,Yes,No,Unknown,No,$0.018800 hourly,$0.011800 hourly,$0.0788 hourly,$0.0718 hourly
t3a.xlarge,T3A Extra Large,3,16.0 GiB,Base performance:                 160%,4,0,0,Burstable,AMD EPYC 7571,2.5 GHz,unknown,unknown,unknown,EBS only,N/A,N/A,64-bit,Moderate,2048.0 Mbps,256.0 MB/s,15700.0 IOPS,No,60,4,Yes,Yes,Yes,No,Unknown,No,$0.150400 hourly,$0.094300 hourly,$0.2104 hourly,$0.1543 hourly
u-12tb1.metal,U-12TB1 Metal,223,12288.0 GiB,0 units,448,0,0,0 units,Intel Xeon Scalable (Skylake) processors,unknown,unknown,unknown,unknown,EBS only,N/A,N/A,64-bit,25 Gigabit,14000.0 Mbps,1750.0 MB/s,80000.0 IOPS,No,150,5,No,Yes,Yes,No,Unknown,No,unavailable,unavailable,unavailable,unavailable
u-6tb1.metal,U-6TB1 Metal,223,6144.0 GiB,0 units,448,0,0,0 units,Intel Xeon Scalable (Skylake) processors,unknown,unknown,unknown,unknown,EBS only,N/A,N/A,64-bit,25 Gigabit,14000.0 Mbps,1750.0 MB/s,80000.0 IOPS,No,150,5,No,Yes,Yes,No,Unknown,No,unavailable,unavailable,unavailable,unavailable
u-9tb1.metal,U-9TB1 Metal,223,9216.0 GiB,0 units,448,0,0,0 units,Intel Xeon Scalable (Skylake) processors,unknown,unknown,unknown,unknown,EBS only,N/A,N/A,64-bit,25 Gigabit,14000.0 Mbps,1750.0 MB/s,80000.0 IOPS,No,150,5,No,Yes,Yes,No,Unknown,No,unavailable,unavailable,unavailable,unavailable
x1.16xlarge,X1 Extra High-Memory 16xlarge,31,976.0 GiB,174.5 units,64,0,0,2.727 units,High Frequency Intel Xeon E7-8880 v3 (Haswell),2.3 GHz,unknown,unknown,unknown,1920 GiB               SSD,Yes,No,64-bit,High,7000.0 Mbps,875.0 MB/s,40000.0 IOPS,No,240,8,Yes,Yes,Yes,No,HVM,No,$6.669000 hourly,$4.110000 hourly,$6.799 hourly,$4.24 hourly
x1.32xlarge,X1 Extra High-Memory 32xlarge,63,1952.0 GiB,349 units,128,0,0,2.727 units,High Frequency Intel Xeon E7-8880 v3 (Haswell),2.3 GHz,unknown,unknown,unknown,3840 GiB               (2 * 1920 GiB SSD),Yes,No,64-bit,High,14000.0 Mbps,1750.0 MB/s,80000.0 IOPS,No,240,8,Yes,Yes,Yes,No,HVM,No,$13.338000 hourly,$8.219000 hourly,$13.468 hourly,$8.349 hourly
x1e.16xlarge,X1E 16xlarge,31,1952.0 GiB,179 units,64,0,0,2.797 units,High Frequency Intel Xeon E7-8880 v3 (Haswell),2.3 GHz,Yes,Yes,Yes,1920 GiB               SSD,Yes,No,64-bit,10 Gigabit,7000.0 Mbps,875.0 MB/s,40000.0 IOPS,No,240,8,Yes,Yes,Yes,No,HVM,No,$13.344000 hourly,$8.223000 hourly,$13.474 hourly,$8.353 hourly
x1e.2xlarge,X1E Double Extra Large,3,244.0 GiB,23 units,8,0,0,2.875 units,High Frequency Intel Xeon E7-8880 v3 (Haswell),2.3 GHz,Yes,Yes,unknown,240 GiB               SSD,Yes,No,64-bit,Up to 10 Gigabit,1000.0 Mbps,125.0 MB/s,7400.0 IOPS,No,60,4,Yes,Yes,Yes,No,HVM,No,$1.668000 hourly,$1.028000 hourly,$1.798 hourly,$1.158 hourly
x1e.32xlarge,X1E 32xlarge,63,3904.0 GiB,340 units,128,0,0,2.656 units,High Frequency Intel Xeon E7-8880 v3 (Haswell),2.3 GHz,Yes,Yes,Yes,3840 GiB               (2 * 1920 GiB SSD),Yes,No,64-bit,25 Gigabit,14000.0 Mbps,1750.0 MB/s,80000.0 IOPS,No,240,8,Yes,Yes,Yes,No,HVM,No,$26.688000 hourly,unavailable,$26.818 hourly,$16.576 hourly
x1e.4xlarge,X1E Quadruple Extra Large,7,488.0 GiB,47 units,16,0,0,2.938 units,High Frequency Intel Xeon E7-8880 v3 (Haswell),2.3 GHz,Yes,Yes,unknown,480 GiB               SSD,Yes,No,64-bit,Up to 10 Gigabit,1750.0 Mbps,218.75 MB/s,10000.0 IOPS,No,60,4,Yes,Yes,Yes,No,HVM,No,$3.336000 hourly,$2.056000 hourly,$3.466 hourly,$2.186 hourly
x1e.8xlarge,X1E Eight Extra Large,15,976.0 GiB,91 units,32,0,0,2.844 units,High Frequency Intel Xeon E7-8880 v3 (Haswell),2.3 GHz,Yes,Yes,Yes,960 GiB               SSD,Yes,No,64-bit,Up to 10 Gigabit,3500.0 Mbps,437.5 MB/s,20000.0 IOPS,No,60,4,Yes,Yes,Yes,No,HVM,No,$6.672000 hourly,$4.112000 hourly,$6.802 hourly,$4.242 hourly
x1e.xlarge,X1E Extra Large,1,122.0 GiB,12 units,4,0,0,3 units,High Frequency Intel Xeon E7-8880 v3 (Haswell),2.3 GHz,Yes,Yes,unknown,120 GiB               SSD,Yes,No,64-bit,Up to 10 Gigabit,500.0 Mbps,62.5 MB/s,3700.0 IOPS,No,30,3,Yes,Yes,Yes,No,HVM,No,$0.834000 hourly,$0.514000 hourly,$0.894 hourly,$0.574 hourly
z1d.12xlarge,Z1D 12xlarge,23,384.0 GiB,271 units,48,0,0,5.646 units,Intel Xeon Platinum 8151,unknown,unknown,unknown,unknown,1800 GiB               (2 * 900 GiB NVMe SSD),Yes,Yes,64-bit,25 Gigabit,14000.0 Mbps,1750.0 MB/s,80000.0 IOPS,No,750,15,No,Yes,Yes,No,HVM,Yes,$4.464000 hourly,$2.822000 hourly,$4.594 hourly,$2.952 hourly
z1d.2xlarge,Z1D Double Extra Large,3,64.0 GiB,53 units,8,0,0,6.625 units,Intel Xeon Platinum 8151,unknown,unknown,unknown,unknown,300 GiB               NVMe SSD,Yes,Yes,64-bit,Up to 10 Gigabit,2333.0 Mbps,292.0 MB/s,13333.0 IOPS,No,60,4,No,Yes,Yes,No,HVM,Yes,$0.744000 hourly,$0.470000 hourly,$0.874 hourly,$0.6 hourly
z1d.3xlarge,Z1D 3xlarge,5,96.0 GiB,75 units,12,0,0,6.25 units,Intel Xeon Platinum 8151,unknown,unknown,unknown,unknown,450 GiB               NVMe SSD,Yes,Yes,64-bit,Up to 10 Gigabit,3500.0 Mbps,438.0 MB/s,20000.0 IOPS,No,240,8,No,Yes,Yes,No,HVM,Yes,$1.116000 hourly,$0.705000 hourly,$1.246 hourly,$0.835 hourly
z1d.6xlarge,Z1D 6xlarge,11,192.0 GiB,134 units,24,0,0,5.583 units,Intel Xeon Platinum 8151,unknown,unknown,unknown,unknown,900 GiB               NVMe SSD,Yes,Yes,64-bit,10 Gigabit,7000.0 Mbps,875.0 MB/s,40000.0 IOPS,No,240,8,No,Yes,Yes,No,HVM,Yes,$2.232000 hourly,$1.411000 hourly,$2.362 hourly,$1.541 hourly
z1d.large,Z1D Large,1,16.0 GiB,15 units,2,0,0,7.5 units,Intel Xeon Platinum 8151,4.0 GHz,unknown,unknown,unknown,75 GiB               NVMe SSD,Yes,Yes,64-bit,Up to 10 Gigabit,2333.0 Mbps,291.0 MB/s,13333.0 IOPS,No,30,3,No,Yes,Yes,No,HVM,No,$0.186000 hourly,$0.118000 hourly,$0.246 hourly,$0.178 hourly
z1d.metal,Z1D Metal,23,384.0 GiB,271 units,48,0,0,5.646 units,Intel Xeon Platinum 8151,unknown,unknown,unknown,unknown,1800 GiB               (2 * 900 GiB NVMe SSD),Yes,Yes,64-bit,25 Gigabit,14000.0 Mbps,1750.0 MB/s,80000.0 IOPS,No,750,15,No,Yes,Yes,No,HVM,No,$4.464000 hourly,$2.822000 hourly,$4.594 hourly,$2.952 hourly
z1d.xlarge,Z1D Extra Large,1,32.0 GiB,28 units,4,0,0,7 units,Intel Xeon Platinum 8151,unknown,unknown,unknown,unknown,150 GiB               NVMe SSD,Yes,Yes,64-bit,Up to 10 Gigabit,2333.0 Mbps,291.0 MB/s,13333.0 IOPS,No,60,4,No,Yes,Yes,No,HVM,Yes,$0.372000 hourly,$0.235000 hourly,$0.432 hourly,$0.295 hourly
container,container,2,6.0 GiB,0 unit,4,0,0,0 unit, unknown,1.5 Ghz,unknown,unknown
